drug	gene
patiromer	
mus musculus skin	
betaxolol	ADRB1
anethole trithione	
human calcitonin	ACTN1
desflurane	GABRA1
acetophenazine	DRD2
metipranolol	ADRB2
nitrazepam	GABRA1
levoleucovorin	
trastuzumab	ERBB2
evolocumab	
olsalazine	TPMT
encainide	SCN5A
samarium (153sm) lexidronam	
ecabet	NOXO1
procainamide	
levomefolic acid	
prussian blue	
acetyldigitoxin	ATP1A1
ivabradine	
idelalisib	
acheta domesticus	
dalfampridine	KCNA1
pantoprazole	ATP4A
etomidate	GABRA1
ertugliflozin	
pidolic acid	
uridine triacetate	
apremilast	PDE4D
mackerel	
ketobemidone	
barley	
ichthammol	
pipotiazine	DRD2
citalopram	
mipomersen	
methoxsalen	
glimepiride	KCNJ11
lincomycin	
casuarina equisetifolia pollen	
neurospora crassa	
vilanterol	
antihemophilic factor, human recombinant	F10
cloperastine	
cetrimonium	
phenoxyethanol	
pinus taeda pollen	
calcium gluconate	
nomegestrol acetate	
methylscopolamine bromide	CHRM1
silver nitrate	
polyquaternium-10 (400 cps at 2%)	
procarbazine	
zea mays pollen	
cloxazolam	
streptococcus pneumoniae type 7f capsular polysaccharide diphtheria crm197 protein conjugate antigen	
lumacaftor	
fesoterodine	CHRM3
pivmecillinam	
protriptyline	SLC6A2
cholesterol	
galsulfase	
methylphenobarbital	GABRA1
ledipasvir	
zuclopenthixol	DRD1
zinc	
pentobarbital	GABRA1
rolitetracycline	
acacia	
oprelvekin	IL11RA
ethopropazine	CHRM1
dupilumab	IL4R
bos taurus skin	
lomustine	
flurazepam	GABRA1
lofexidine	ADRA2A
desloratadine	HRH1
lucanthone	TOP2A
eculizumab	C5
betula papyrifera pollen	
human vaccinia virus immune globulin	
siltuximab	IL6
palifermin	FGFR2
pentoxyverine	SIGMAR1
darifenacin	CHRM3
oxyphenonium	CHRM1
cinacalcet	CASR
gefitinib	EGFR
prezatide	
ethanol	GABRA1
boron	
secobarbital	GABRA1
neisseria meningitidis group y capsular polysaccharide diphtheria toxoid conjugate antigen	
cefuroxime	
populus deltoides subsp. monilifera pollen	
dihydroergotamine	HTR1D
influenza a virus a/brisbane/10/2010 (h1n1) antigen (mdck cell derived, propiolactone inactivated)	
amiloride	SCNN1A
phenelzine	MAOA
xylometazoline	ADRA1A
terbinafine	SQLE
hepatitis a vaccine	
rose bengal	
phenacemide	SCN1A
clonidine	ADRA2A
ceftolozane	
etidocaine	
obeticholic acid	NR1H4
quinidine	SCN5A
sulfinpyrazone	ABCC2
agalsidase beta	
ascorbyl phosphate	
bosentan	EDNRA
iva angustifolia pollen	
ombitasvir	
technetium tc-99m nofetumomab merpentan	EPCAM
netarsudil	ROCK1
cocaine	SLC6A3
fimasartan	AGTR1
trazodone	HTR2A
sermorelin	GHRHR
elosulfase alfa	
leucovorin	
flavin mononucleotide	
doxofylline	OPRM1
citrus sinensis pollen	
secnidazole	
fenoldopam	DRD5
arbekacin	
dactylis glomerata pollen	
broussonetia papyrifera pollen	
streptococcus pneumoniae type 7f capsular polysaccharide antigen	
reserpine	SLC18A2
calcium carbonate	
etizolam	GABRA1
histrelin	GNRHR
chlorthalidone	SLC12A1
streptococcus pneumoniae type 17f capsular polysaccharide antigen	
blueberry	
dihydralazine	
antithymocyte immunoglobulin (rabbit)	MR1
ciprofibrate	
sultamicillin	
prosopis juliflora pollen	
chlorpromazine	DRD2
flax seed	
streptococcus pneumoniae type 19a capsular polysaccharide antigen	
coagulation factor x human	
artemisia absinthium pollen	
myrrh	
pecan	
penciclovir	
propylene glycol	
strontium ranelate	
puccinia striiformis var. striiformis	
fibrinogen human	
rifampicin	
lucinactant	
hydroxyprogesterone caproate	
pancrelipase amylase	
tegaserod	HTR4
quercus virginiana pollen	
medrysone	NR3C1
quercus palustris pollen	
sucrose	
squash	
ticarcillin	
chlorzoxazone	KCNMA1
efmoroctocog alfa	VWF
acetylcholine	
capsaicin	
juniperus ashei pollen	
daptomycin	
betula alleghaniensis pollen	
vinflunine	
ramucirumab	KDR
thrombomodulin alfa	F2
felis catus skin	
dronabinol	CNR1
quetiapine	HTR2A
hydrogenated soybean oil	
saxagliptin	DPP4
streptococcus pneumoniae type 10a capsular polysaccharide antigen	
streptococcus pneumoniae type 1 capsular polysaccharide diphtheria crm197 protein conjugate antigen	
fenofibric acid	PPARA
allantoin	
erythrityl tetranitrate	NPR1
juglans californica pollen	
captopril	ACE
candida albicans	
beta carotene	
propiomazine	HRH1
secale cereale pollen	
choline	
rolapitant	
factor xiii (human)	
tasonermin	TNFRSF1A
nicoboxil	
mercaptopurine	HPRT1
technetium tc-99m arcitumomab	
griseofulvin	
cefalotin	
floctafenine	
erenumab	
gatifloxacin	
ceiba pentandra fiber	
succinylcholine	CHRNA10
latanoprost	PTGFR
lycopene	
netilmicin	
bromotheophylline	
calcitriol	VDR
potassium alum	
amifampridine	
penicillium italicum	
sodium ferric gluconate complex	FTL
xanthium strumarium var. canadense pollen	
passalora fulva	
vaborbactam	
aureobasidium pullulans var. pullutans	
sulfacytine	
copper gluconate	
rasburicase	
chlorprothixene	DRD2
susoctocog alfa	VWF
anti-inhibitor coagulant complex	F10
remikiren	REN
letrozole	CYP19A1
cyclomethicone 5	
lipegfilgrastim	CSF3R
alipogene tiparvovec	
tobacco leaf	
epinephrine	ADRA1A
isometheptene	ADRA1A
gamma hydroxybutyric acid	
cladosporium sphaerospermum	
pargyline	MAOB
ergocalciferol	VDR
noxytiolin	
dyclonine	SCN10A
bevantolol	ADRB1
nebivolol	ADRB1
udenafil	PDE5A
lima bean	
carbenicillin indanyl	
human papillomavirus type 6 l1 capsid protein antigen	
n-acetyltyrosine	
fig	
cyclacillin	
acipimox	
curvularia inaequalis	
mequinol	
cefoperazone	
tenoxicam	PTGS2
desmopressin	AVPR2
demecarium	ACHE
celecoxib	PTGS2
gadobutrol	
equilin	
flurandrenolide	NR3C1
ofloxacin	
acetic acid	
praziquantel	
aflibercept	VEGFA
oxygen	
n-alkyl ethylbenzyl dimethyl ammonium (c12-c14)	
gentamicin	
losartan	AGTR1
pipamperone	
flubendazole	
zinc gluconate	
l-cysteine	
dimenhydrinate	HRH1
benzoin resin	
indium in-111 satumomab pendetide	
cetirizine	HRH1
allspice	
dolasetron	HTR3A
vitamin d	
bortezomib	
dacarbazine	
golimumab	TNF
flucloxacillin	
nitrite	
iotrolan	
turnip	
peginterferon beta-1a	
canakinumab	IL1B
chondroitin sulfate	
aurothioglucose	
trifluoperazine	DRD2
oxybuprocaine	SCN10A
capra hircus skin	
levocetirizine	HRH1
sebelipase alfa	
pibrentasvir	
trypan blue free acid	
thrombin	
human secretin	SCTR
fenethylline	
kiwi fruit	
seratrodast	
white fish	
cefradine	
hexaminolevulinate	
etozoline	
afamelanotide	
edoxudine	
azacitidine	DNMT1
midodrine	ADRA1A
esmolol	ADRB1
metoclopramide	DRD2
tyropanoic acid	
halothane	KCNK3
efalizumab	ITGAL
sodium tetradecyl sulfate	PROC
belimumab	TNFSF13B
prucalopride	HTR4
ketazolam	TSPO
metyrosine	TH
penbutolol	ADRB1
chlorine	
necitumumab	EGFR
amlexanox	
grazoprevir	
iophendylate	
butriptyline	SLC6A4
egg yolk	
metaxalone	
citric acid	
silicon	
pentaerythritol tetranitrate	HBA1
calcium threonate	
peramivir	
carbimazole	TPO
isoetarine	ADRB1
dornase alfa	
sarracenia purpurea	
sulfaphenazole	
typha latifolia pollen	
primaquine	
succinic acid	
atractylodes japonica root oil	
ulmus crassifolia pollen	
human papillomavirus type 33 l1 capsid protein antigen	
eluxadoline	OPRM1
urea c-13	
hexetidine	
fosphenytoin	SCN5A
clomipramine	SLC6A4
colistin	
spinach	
fluvoxamine	SLC6A4
licorice	
flutemetamol (18f)	APP
vinorelbine	TUBB
cefprozil	
fenfluramine	SLC6A4
nalidixic acid	
tigecycline	
streptococcus pneumoniae type 6b capsular polysaccharide diphtheria crm197 protein conjugate antigen	
levonordefrin	ADRA2A
gemfibrozil	PPARA
glucose	
vildagliptin	DPP4
diacetyl benzoyl lathyrol	
cefpirome	
risperidone	HTR2A
bromazepam	GABRA1
sodium oxybate	
l-asparagine	
hazelnut	
medrogestone	
tea tree oil	
felypressin	AVPR1A
oxetacaine	
sodium tartrate	
red currant	
iotroxic acid	
neisseria meningitidis group w-135 capsular polysaccharide diphtheria toxoid conjugate antigen	
quercus kelloggii pollen	
methocarbamol	
tuberculin purified protein derivative	TLR2
phenmetrazine	SLC6A2
iron	
fluindione	
arsenic trioxide	IKBKB
vanillyl butyl ether	
solidago canadensis pollen	
bordetella pertussis fimbriae 2/3 antigen	
urofollitropin	FSHR
ginger	
ethylmorphine	OPRM1
chenopodium ambrosioides pollen	
polythiazide	SLC12A3
lettuce	
ademetionine	
zoledronic acid	FDPS
pergolide	DRD2
sulfisoxazole	
estriol	ESR1
hexocyclium	
norgestimate	PGR
latamoxef	
anileridine	OPRM1
streptococcus pneumoniae type 6b capsular polysaccharide antigen	
eteplirsen	
bumetanide	SLC12A1
tedizolid phosphate	
ambrosia deltoidea pollen	
pinus monticola pollen	
acacia baileyana pollen	
clonazepam	GABRA1
xylose	
methylphenidate	SLC6A3
sotalol	KCNH2
insulin detemir	INSR
norepinephrine	ADRA1A
linezolid	
eucalyptus globulus pollen	
ambroxol	
watercress	
paspalum notatum pollen	
vorapaxar	F2R
sodium lauryl sulfoacetate	
adenine	
platanus racemosa pollen	
vayarin	
amrubicin	
oxamniquine	
bedaquiline	
tafluprost	PTGFR
plantago seed	
cilastatin	DPEP1
estradiol valerate	ESR1
triclocarban	
cinchocaine	SCN10A
mupirocin	
porfimer sodium	
sage	
retapamulin	
butamben	CACNG1
cinitapride	HTR1A
anisotropine methylbromide	CHRM1
cochliobolus spicifer	
remoxipride	DRD2
rilmenidine	
equus caballus hair	
antazoline	HRH1
chenodeoxycholic acid	
beta vulgaris pollen	
trimethadione	CACNA1G
pinus rigida pollen	
vorinostat	HDAC1
oxytetracycline	
rumex acetosella pollen	
elvitegravir	
uracil mustard	
angiotensin ii	AGTR1
artemether	
rice	
rosuvastatin	HMGCR
picric acid	
polyethylene glycol 300	
primidone	GABRA1
kidney bean	
magaldrate	
benazepril	ACE
sodium citrate	
norethisterone	
tipranavir	
sodium stibogluconate	TOP1
human botulinum neurotoxin a/b immune globulin	
watermelon	
cod, unspecified	
stannous fluoride	
papaverine	PDE4B
famotidine	HRH2
bordetella pertussis filamentous hemagglutinin antigen (formaldehyde inactivated)	
radium ra 223 dichloride	
pancuronium	CHRNA2
silicon dioxide	
ecallantide	KLKB1
string bean	
enoxaparin	SERPINC1
diethylstilbestrol	ESR1
myrothecium verrucaria	
bf-200 ala	
vincristine	TUBB
decamethonium	CHRNA2
polyestradiol phosphate	ESR1
duck	
resveratrol	
ximelagatran	F2
norelgestromin	
pegvaliase	
ceftobiprole	
tilactase	
probenecid	SLC22A6
dihydroergocristine	HTR1A
valsartan	AGTR1
sodium cellulose phosphate	
dexlansoprazole	ATP4A
diflunisal	PTGS2
aspergillus nidulans	
albutrepenonacog alfa	F10
imipramine	SLC6A2
icodextrin	
dopexamine	
omeprazole	ATP4A
sutilain	
argatroban	F2
chlorphenamine	HRH1
spinosad	
ancestim	KIT
artemisia annua pollen	
quazepam	GABRA1
benzalkonium	
deflazacort	
selenium sulfide	
haemophilus influenzae type b capsular polysaccharide meningococcal outer membrane protein conjugate antigen	
pinus nigra pollen	
miconazole	
hyoscyamine	CHRM1
chlorhexidine	
amoxicillin	
c11-12 isoparaffin	
betula occidentalis pollen	
clidinium	CHRM1
allopurinol	XDH
acetylsalicylic acid	PTGS1
acer saccharum pollen	
quaternium-24	
olive oil	
balsalazide	PPARG
chlorpropamide	ABCC8
pitavastatin	
iohexol	
fluorescein	
hordeum vulgare pollen	
eribulin	
n-acetylglucosamine	
camazepam	
phenylephrine	ADRA1A
silanol	
guanethidine	SLC6A2
maraviroc	CCR5
lomefloxacin	
tetracaine	RYR1
isosulfan blue	
busulfan	
triptorelin	GNRHR
seractide acetate	MC2R
dexrazoxane	TOP2A
palonosetron	HTR3A
caraway seed	
lorcaserin	
equine botulinum neurotoxin e immune fab2	
sulfur hexafluoride	
mephenesin	
parsley	
bictegravir	
grapefruit	
beet	
econazole	
basil	
copanlisib	PIK3CA
tritoqualine	
naloxegol	OPRM1
phenytoin	SCN5A
pimozide	DRD2
polaprezinc	
carbamazepine	SCN5A
pinus palustris pollen	
doxacurium chloride	CHRNA2
polistes metricus venom protein	
methoxamine	ADRA1A
trioxsalen	
blonanserin	
methazolamide	CA1
buprenorphine	OPRM1
ursodeoxycholic acid	AKR1C2
benzyl alcohol	
colistimethate	
tropisetron	HTR3A
amitriptylinoxide	
piretanide	
aluminum chlorohydrate	
fosaprepitant	
ponatinib	ABL1
calcium	CACNA1C
irinotecan	TOP1
bassia scoparia pollen	
cupric oxide	
amisulpride	DRD2
vemurafenib	
azathioprine	
trabectedin	
pinaverium	CACNA1S
concord grape	
blatella germanica	
carfilzomib	PSMB5
demegestone	PGR
rufinamide	
pentamidine	
drostanolone	AR
ioxitalamic acid	
ustilago nuda hordei	
daclatasvir	
domperidone	DRD2
menotropins	FSHR
sulfathiazole	
l-citrulline	
flupirtine	
l-proline	
lithium	
mezlocillin	
carbocisteine	
levomethadyl acetate	OPRM1
capreomycin	
hydroxyethyl ethylcellulose	
tazarotene	RARA
papaya	
palbociclib	CDK4
rumex acetosella whole	
verapamil	CACNA1C
pizotifen	
sumatriptan	HTR1D
garlic	
zaleplon	GABRA1
netupitant	TACR1
doconexent	PPARA
tuna	
oxymetholone	AR
cefapirin	
chlorcyclizine	HRH1
isoconazole	
betahistine	HRH1
barley malt	
cow milk	
carpinus caroliniana pollen	
cladosporium herbarum	
glycol salicylate	PTGS1
measles virus strain enders' attenuated edmonston live antigen	
nadroparin	SERPINC1
denileukin diftitox	IL2RA
european pilchard	
benralizumab	IL5RA
mineral oil	
isradipine	CACNA1C
cisplatin	
clonixin	
thiopental	GABRA1
naftifine	SQLE
bethanidine	ADRA2A
rimexolone	NR3C1
doxylamine	HRH1
metrizamide	
dopamine	DRD2
quercus gambelii pollen	
l-alanine	
suvorexant	HCRTR1
etelcalcetide	CASR
phenoxybenzamine	ADRA1A
microsporum audouinii	
cherry	
dinoprost tromethamine	PTGFR
mustard seed	
azelastine	HRH1
dicoumarol	VKORC1
thallous chloride	
gamma-aminobutyric acid	
guaifenesin	
felodipine	CACNA1C
floxuridine	TYMS
coagulation factor xiii a-subunit (recombinant)	F13B
propacetamol	
panitumumab	EGFR
alteplase	PLG
perflubutane	
clindamycin	
procaine	SCN10A
xanthium strumarium pollen	
apixaban	F10
dapiprazole	ADRA1A
koeleria macrantha pollen	
isothipendyl	HRH1
human varicella-zoster immune globulin	
turpentine	
zinc citrate	
tasimelteon	MTNR1A
butorphanol	OPRK1
levallorphan	OPRM1
icotinib	
abarelix	GNRHR
dihomo-gamma-linolenic acid	PTGS1
potassium bicarbonate	
bretylium	ATP1A1
etravirine	
luliconazole	
immune globulin human	FCGR1A
glucosamine	MMP9
secretin	SCTR
ecamsule	
risedronate	FDPS
metamizole	
isopropyl myristate	
rubidium	
soybean	
diatrizoate	
bovine type i collagen	
mafenide	
medroxyprogesterone acetate	PGR
pegloticase	
lumefantrine	
viloxazine	SLC6A2
corylus americana pollen	
neomycin	
pramocaine	
mesocricetus auratus skin	
okra	
amcinonide	NR3C1
carglumic acid	CPS1
turoctocog alfa	F9
flounder	
atenolol	ADRB1
hydroxyurea	RRM1
pseudotsuga menziesii pollen	
stannous chloride	
bismuth subnitrate	
taraxacum officinale pollen	
magnesium hydroxide	
diltiazem	CACNG1
fominoben	
streptococcus pneumoniae type 3 capsular polysaccharide antigen	
orphenadrine	GRIN2D
entecavir	
solenopsis richteri	
gamolenic acid	
tazobactam	
carya glabra pollen	
tioconazole	
mefloquine	
copper cu-64	
aluminum oxide	
heparin	SERPINC1
enviomycin	
rumex salicifolius var. mexicanus pollen	
karaya gum	
pralidoxime	ACHE
streptococcus pneumoniae type 5 capsular polysaccharide antigen	
fenofibrate	PPARA
reviparin	
cholecystokinin	
bufexamac	PTGS1
triethylenetetramine	
apomorphine	DRD3
talbutal	GABRA1
dronedarone	
phenobarbital	GABRA1
hyaluronidase	
cobamamide	
lactulose	
montelukast	CYSLTR1
borage oil	
adapalene	RARG
carbachol	CHRM1
l-isoleucine	
phalaris arundinacea pollen	
cotton seed	
estramustine	MAP2
artemisia douglasiana pollen	
ulmus americana pollen	
colchicine	TUBB1
bemotrizinol	
allylestrenol	
sulfadimethoxine	
green olive	
alosetron	HTR3A
levobetaxolol	ADRB1
meloxicam	PTGS2
oxprenolol	ADRB1
soy isoflavones	
vortioxetine	SLC6A4
ferrous sulfate	
cyclothiazide	FXYD2
platanus occidentalis pollen	
difluocortolone	ANXA3
lorazepam	GABRA1
biperiden	CHRNA2
ibalizumab	
peginesatide	EPOR
ioxilan	
desipramine	SLC6A2
hexafluronium	BCHE
ephedrine	
rituximab	MS4A1
docetaxel	TUBB1
beeswax	
pinus elliottii pollen	
semaglutide	
acremonium strictum	
urea	
anthralin	KRT2
pentetic acid	
enalapril	ACE
zinc oxide	
encorafenib	
paprika	
methyl aminolevulinate	
meprednisone	
l-phenylalanine	
ethiodized oil	
diaminohydroxypropanetetraacetic acid	
ambrosia confertiflora pollen	
elbasvir	
mometasone	NR3C1
fraxinus americana pollen	
baricitinib	
technetium tc-99m red blood cells	
linseed oil	
deferiprone	
gallium citrate ga 67	
isoxsuprine	
nefopam	
pancrelipase protease	
bambuterol	ADRB2
methsuximide	CACNA1G
suprofen	PTGS1
triamcinolone	NR3C1
carisoprodol	
smelt	
etofenamate	
sorghum halepense pollen	
stem bromelain	
protein s human	F5
venison	
albiglutide	GLP1R
acetaminophen	
clemastine	HRH1
azilsartan medoxomil	AGTR1
mechlorethamine	
cannabidiol	
dipivefrin	ADRA1A
lodoxamide	
oxyphenbutazone	
nonoxynol-9	
dolichovespula maculata venom protein	
cephaloglycin	
epicriptine	DRD1
clenbuterol	ADRB2
disulfiram	ALDH2
belatacept	
bacampicillin	
bluefish	
phenolphthalein	
ibudilast	PDE4A
potato	
darunavir	
mitoxantrone	
stanozolol	
nitrendipine	CACNA1C
clotiazepam	GABRA1
clofibrate	PPARA
von willebrand factor human	F8
hydroxystilbamidine isethionate	
remestemcel-l	
mesoridazine	HTR2A
liothyronine	THRA
biotin	
cilazapril	ACE
pentostatin	ADA
sus scrofa skin	
didanosine	
rattus norvegicus skin	
tamoxifen	ESR1
halcinonide	
sodium lauryl sulfate	
tartaric acid	
lubiprostone	CLCN2
diflorasone	NR3C1
dl-methylephedrine	ADRB1
modafinil	SLC6A3
edrophonium	ACHE
azidocillin	
pancrelipase	
pegvisomant	GHR
varenicline	CHRNA4
grape	
tranylcypromine	MAOA
indecainide	SCN5A
octisalate	
bronopol	
insulin glargine	INSR
trifluridine	TYMS
aspergillus repens	
natural alpha interferon	
denosumab	TNFSF11
hydrogen fluoride	
obiltoxaximab	
bisacodyl	
tenofovir alafenamide	
racemethionine	
trichoderma harzianum	
human papillomavirus type 52 l1 capsid protein antigen	
suaeda moquinii pollen	
ifosfamide	
alpha-phosphoribosylpyrophosphoric acid	
nalbuphine	OPRK1
fraxinus latifolia pollen	
salmonella typhi ty2 vi polysaccharide antigen	
cholecalciferol	VDR
potassium perchlorate	SLC5A5
buserelin	LHCGR
riluzole	SCN5A
acetohexamide	KCNJ1
icosapent ethyl	
celtis occidentalis pollen	
flavoxate	CHRM2
dextropropoxyphene	OPRM1
nalmefene	OPRM1
gadoversetamide	
dalbavancin	
tofisopam	
valbenazine	AR
pea	
morella cerifera pollen	
lutetium lu 177 dotatate	SSTR2
benzoctamine	
filgrastim	CSF3R
moclobemide	MAOA
alnus rubra pollen	
pegaspargase	
pork	
fluoxymesterone	AR
brigatinib	ALK
methyprylon	GABRA1
aluminum sesquichlorohydrate	
diphenidol	CHRM1
finafloxacin	
peginterferon alfa-2a	IFNAR2
peginterferon alfa-2b	IFNAR1
carboprost tromethamine	PTGER1
indocyanine green acid form	
capmatinib	
acemetacin	PTGS1
stearic acid	
hetacillin	
metocurine iodide	CHRNA2
ceritinib	ALK
diclofenamide	CA1
amaranthus spinosus pollen	
menthol	TRPM8
metocurine	CHRNA2
anidulafungin	
ancrod	
colloidal oatmeal	
evernia prunastri	
polistes exclamans venom protein	
haemophilus influenzae type b strain 20752 capsular polysaccharide tetanus toxoid conjugate antigen	
iothalamic acid	
corn	
anas platyrhynchos feather	
fenbufen	
streptococcus pneumoniae type 12f capsular polysaccharide antigen	
resorcinol	
ethinamate	CA1
leflunomide	DHODH
invert sugar	
nitroprusside	NPR1
streptococcus pneumoniae type 18c capsular polysaccharide diphtheria crm197 protein conjugate antigen	
water	
methacholine	CHRM3
topiramate	GABRA1
peanut oil	
attapulgite	
pyrethrum extract	
methoxyflurane	GABRA1
triclosan	
juniperus californica pollen	
salix lasiolepis pollen	
drotaverine	PDE4A
sinecatechins	
avibactam	
levomilnacipran	
ethionamide	
cinnamon	
tranexamic acid	PLG
salmeterol	ADRB2
loteprednol	NR3C1
sea salt	
ivermectin	GLRA3
d-serine	
streptomyces griseus	
brodalumab	
radish	
alglucerase	
tibolone	ESR1
dichloralphenazone	
hexylresorcinol	
gadoteric acid	
nilvadipine	
vigabatrin	GABBR1
lercanidipine	CACNG1
ipecac	
thymalfasin	
padimate o	
tenecteplase	PLG
terizidone	
iloprost	PTGIR
calcium carbimide	ALDH3B2
glycerol phenylbutyrate	
cavia porcellus hair	
methacycline	
elymus repens pollen	
pregabalin	CACNA1A
metixene	CHRM1
carbenicillin	
anastrozole	CYP19A1
amaranthus palmeri pollen	
choriogonadotropin alfa	LHCGR
parecoxib	PTGS2
acer rubrum pollen	
omega-3-carboxylic acids	
xanthinol	
tea leaf	
aprobarbital	GABRA1
sulfur	
pegfilgrastim	CSF3R
poractant alfa	
esketamine	
spearmint	
pyruvic acid	
estrone sulfate	ESR1
bendamustine	
cefazolin	
oftasceine	
pitolisant	HRH3
pheneticillin	
fludarabine	RRM1
gaxilose	
avelumab	CD274
arzoxifene	
silver sulfadiazine	
aripiprazole	HTR2A
gadobenic acid	
pinacidil	
metoprolol	ADRB1
plum	
potassium carbonate	
lormetazepam	GABRA2
iodine	
eucalyptus oil	
alirocumab	PCSK9
manganese gluconate	
protionamide	
procaine benzylpenicillin	
binimetinib	
atorvastatin	HMGCR
ardeparin	SERPINC1
cyclachaena xanthifolia pollen	
fulvestrant	ESR1
dantrolene	RYR1
crofelemer	CFTR
fluticasone	
warfarin	VKORC1
sodium chloride	
norflurane	
streptococcus pneumoniae type 4 capsular polysaccharide diphtheria crm197 protein conjugate antigen	
labetalol	ADRB1
rotigotine	DRD3
papain	
oxaliplatin	
thiabendazole	
spiramycin	
amylmetacresol	
emtricitabine	
ctenocephalides canis	
gelatin	
monopotassium phosphate	
english sole	
toremifene	ESR1
date	
iodixanol	
rasagiline	MAOB
technetium tc-99m pyrophosphate	
neisseria meningitidis group c capsular polysaccharide antigen	
topiroxostat	
technetium tc-99m sulfur colloid	
ceftaroline fosamil	
vanadium	
isavuconazole	
pyrophosphoric acid	
minaprine	MAOA
mango	
eslicarbazepine acetate	
talc	
perphenazine	DRD2
technetium tc-99m mebrofenin	
halazepam	GABRA1
estradiol benzoate	ESR1
d-methionine	
terlipressin	AVPR2
vancomycin	
aluminum hydroxide	
mianserin	
testosterone propionate	AR
taxodium distichum pollen	
troleandomycin	
nandrolone decanoate	AR
chickpea	
mesalazine	PTGS2
diosmin	
dipyridamole	PDE10A
salmonella typhi ty21a live antigen	
poa annua pollen	
ephedra	SLC6A3
simoctocog alfa	VWF
dicoria canescens pollen	
sonidegib	
lanthanum carbonate	
midazolam	GABRA1
iodide i-123	
oxaprozin	PTGS1
pindolol	ADRB1
pyridoxine	PDXK
fostamatinib	SYK
bezafibrate	PPARA
magnesium glycinate	
artemisia ludoviciana pollen	
basiliximab	IL2RA
avocado	
artemisia dracunculus pollen	
polyethylene glycol 400	
quinupristin	
sargramostim	CSF2RA
fluciclovine (18f)	SLC1A5
metrizoic acid	
teniposide	TOP2A
polistes fuscatus venom protein	
antithrombin alfa	F2
ezetimibe	SOAT1
epoprostenol	P2RY12
edetic acid	
carbon monoxide	MB
chromium picolinate	
butabarbital	GABRA1
nitisinone	HPD
raltitrexed	TYMS
betrixaban	
abatacept	CD80
ranitidine	HRH2
norfloxacin	
granisetron	HTR3A
ceftizoxime	
hydroxyethyl starch	
pyridoxal	PDXK
butoconazole	
anakinra	IL1R1
ethylhexyl methoxycrylene	
isoaminile	
baclofen	GABBR1
prasugrel	P2RY12
dotatate gallium ga-68	SSTR2
talniflumate	
furosemide	SLC12A1
ruxolitinib	JAK1
populus deltoides pollen	
acitretin	RXRA
ustilago cynodontis	
phentermine	SLC6A2
methotrexate	DHFR
tositumomab	MS4A1
doxazosin	ADRA1A
ribavirin	IMPDH1
phenprocoumon	VKORC1
omega-3 fatty acids	PPARG
melperone	DRD2
teriparatide	
sitagliptin	DPP4
pravastatin	HMGCR
olodaterol	ADRB2
selenomethionine	
asenapine	
salicylamide	
juniperus scopulorum pollen	
nutmeg	
pantothenic acid	
benidipine	CACNA1C
cyclandelate	
phoma destructiva	
remifentanil	OPRM1
indacaterol	ADRB2
methyldopa	ADRA2A
botrytis cinerea	
meradimate	
human papillomavirus type 16 l1 capsid protein antigen	
rifapentine	
proflavine	
adalimumab	TNF
tirofiban	ITGA2B
rhizopus arrhizus var. arrhizus	
nafarelin	GNRHR
loratadine	HRH1
methyl salicylate	
l-lysine	
metolazone	SLC12A3
carbazochrome	
pentosan polysulfate	FGF2
sofosbuvir	
wheat bran	
cranberry	
valproic acid	
cetrorelix	GNRHR
oxandrolone	AR
almasilate	
difenoxin	
desoxycorticosterone acetate	
dipyrithione	
alnus incana subsp. rugosa pollen	
sulfamerazine	
quinidine barbiturate	GABRA1
sulfameter	
pancrelipase lipase	
lime (citrus)	
besifloxacin	
gadodiamide	
sodium sulfide	
eliglustat	UGCG
rspsma vaccine	
sesame seed	
l-carnitine	
oryctolagus cuniculus skin	
dasabuvir	
piperonyl butoxide	
atriplex polycarpa pollen	
bromfenac	PTGS2
meprobamate	GABRA1
gestrinone	
avatrombopag	
esomeprazole	ATP4A
pentastarch	
oxybenzone	
magnesium silicate	
ceramide 3	
etafedrine	ADRB2
calcidiol	VDR
fexofenadine	HRH1
benfotiamine	
bismuth subsalicylate	
oxiconazole	
ritonavir	
axitinib	FLT1
tolevamer	
paramethasone	NR3C1
formaldehyde	
propericiazine	DRD1
sinapultide	
fusafungine	
mucor racemosus	
cynodon dactylon pollen	
rosin	
gadoxetic acid	
silodosin	ADRA1A
domiphen	
laurus nobilis	
dibotermin alfa	BMPR2
betiatide	
ambrisentan	EDNRA
nitazoxanide	
mecamylamine	CHRNA2
magnesium	
rivaroxaban	F10
bioallethrin	
daratumumab	
streptococcus pneumoniae type 4 capsular polysaccharide antigen	
cortisone acetate	NR3C1
nifedipine	CACNA1C
coconut	
alpha-tocopherol succinate	
acer saccharinum pollen	
iva axillaris pollen	
flumazenil	GABRA1
ferric pyrophosphate citrate	FTL
microsporum canis	
megestrol acetate	PGR
sorghum bicolor subsp. bicolor pollen	
terbutaline	ADRB2
clocortolone	NR3C1
pregnenolone	
irbesartan	AGTR1
sulfadoxine	
ustekinumab	IL12B
vedolizumab	ITGA4
ammonium molybdate	
isoniazid	
ammonium chloride	
inositol nicotinate	
sodium sulfate	CA2
levofloxacin	TOP2A
dichlorobenzene	
ethambutol	
ctenocephalides felis	
incadronic acid	
butalbital	GABRA1
amantadine	
fusarium compactum	
undecylenate	
dicloxacillin	
brassica rapa pollen	
stavudine	
glycopyrronium	CHRM1
hydroxyproline	
moricizine	SCN5A
iopanoic acid	
povidone	
polyethylene glycol	
lesinurad	SLC22A12
ferric carboxymaltose	
odocoileus virginianus hair	
trastuzumab emtansine	ERBB2
ozenoxacin	
pascopyrum smithii pollen	
thalidomide	CRBN
lacosamide	
dolichovespula arenaria venom protein	
phycomyces blakesleeanus	
serinus canaria feather	
human serum albumin	
poliglusam	
perch	
diethyltoluamide	
phenformin	PRKAA1
pipazethate	
ginseng	
stemphylium solani	
technetium tc-99m exametazime	
tizanidine	ADRA2B
sesame oil	
albendazole	
anser anser feather	
bezlotoxumab	
migalastat	
wine grape	
pentazocine	OPRM1
meningococcal group a polysaccharide	
polysilicone-15	
miglustat	UGCG
vespula squamosa venom protein	
nectarine	
trimethoprim	TYMS
cumin	
riociguat	
neisseria meningitidis group c capsular polysaccharide diphtheria toxoid conjugate antigen	
bromperidol	
phenyl salicylate	
isopropamide	CHRM3
crotalus adamanteus antivenin	
methionine	
delavirdine	
nylidrin	
flavin adenine dinucleotide	
pumpkin	
telbivudine	
carboxymethylcellulose	
levmetamfetamine	
sevelamer	
nepafenac	
petrolatum	
coal tar	
clavulanate	
patent blue	ALB
bromocriptine	DRD2
sitaxentan	EDNRA
pivampicillin	
sporotrichum pruinosum	
corticotropin	MC2R
glutathione	
clotrimazole	
suramin	P2RY2
rilonacept	
atomoxetine	SLC6A2
cinoxacin	
nateglinide	ABCC8
rhizopus stolonifer	
erythromycin	
magnesium aluminum silicate	
lopinavir	
pasireotide	
isavuconazonium	
salix nigra pollen	
sodium glycerophosphate	
idebenone	
trapidil	
blue crab	
maclura pomifera pollen	
voxilaprevir	
fluocortolone	
isosorbide	
bisoxatin	
naphazoline	ADRA1A
chloropyramine	HRH1
thonzylamine	HRH1
pralatrexate	
bacillus calmette-guerin substrain connaught live antigen	
sour cherry	
glipizide	ABCC8
afatinib	EGFR
practolol	ADRB1
acrothecium robustum	
ulobetasol	NR3C1
cantharidin	
lutetium lu-177	
streptococcus pneumoniae type 14 capsular polysaccharide antigen	
dalfopristin	
alectinib	ALK
poliovirus type 3 antigen (formaldehyde inactivated)	
sibutramine	SLC6A2
cantaloupe	
dextran	
l-aspartic acid	
periplaneta americana	
cephalexin	
ragweed pollen extract	
leuprolide	GNRHR
carboplatin	
iodipamide	
difluprednate	NR3C1
sweet cherry	
venlafaxine	SLC6A4
pemetrexed	TYMS
tolfenamic acid	PTGS1
mepolizumab	IL5
cryptenamine	CHRM2
acetohydroxamic acid	
dermatophagoides pteronyssinus	
levorphanol	OPRM1
magnesium gluconate	
biguanide	
dofetilide	KCNH2
vilazodone	
misoprostol	PTGER3
reboxetine	SLC6A2
acacia longifolia pollen	
dapsone	
quercus alba pollen	
glycine betaine	
alclofenac	PTGS2
masoprocol	ALOX5
alfuzosin	ADRA1A
mepenzolate	CHRM1
aminolevulinic acid	ALAD
sarcobatus vermiculatus pollen	
ioxaglic acid	
propanoic acid	
desogestrel	PGR
muromonab	CD3D
cinolazepam	GABRA1
brussels sprout	
benzocaine	SCN10A
iodide i-131	
amaranthus retroflexus pollen	
turkey	
epoetin delta	
frovatriptan	HTR1D
antithrombin iii human	
haloprogin	
bevacizumab	VEGFA
paritaprevir	
flecainide	SCN5A
estrogens, esterified	
sodium monofluorophosphate	
aminoglutethimide	CYP19A1
vecuronium	
desoximetasone	NR3C1
sulfabenzamide	
rotavirus vaccine	
pioglitazone	PPARG
methylnaltrexone	OPRM1
perindopril	ACE
ambenonium	ACHE
caspofungin	
iron protein succinylate	
sertaconazole	
acyclovir	
cerulenin	
testolactone	CYP19A1
guanadrel	SLC6A2
velaglucerase alfa	
alfentanil	OPRM1
juniperus occidentalis pollen	
pixantrone	
medium-chain triglycerides	
vernakalant	
colfosceril palmitate	
sildenafil	PDE5A
spironolactone	NR3C2
blinatumomab	CD19
micafungin	
cultivated mushroom	
sodium fluoride	
steviolbioside	
belinostat	
capromab pendetide	FOLH1
equine botulinum neurotoxin d immune fab2	
gastric intrinsic factor	
aluminium	
corcorus capsularis fiber	
dexchlorpheniramine maleate	
asparaginase erwinia chrysanthemi	
bacitracin	
cytisus scoparius flowering top	
lasofoxifene	ESR1
cefmetazole	
bombyx mori fiber	
midecamycin	
helium	
miltefosine	
erlotinib	EGFR
iodine povacrylex	
icosapent	PTGS2
quinethazone	CA1
lonoctocog alfa	F10
niflumic acid	PLA2G1B
tolazamide	ABCC8
fludeoxyglucose f-18	
coenzyme m	
amyl nitrite	NPR1
dimazole	
melaleuca quinquenervia pollen	
infliximab	TNF
neratinib	
desonide	NR3C1
etofibrate	
linoleic acid	
bifonazole	
isoprenaline	ADRB1
tasosartan	AGTR1
ropivacaine	SCN10A
chlorothiazide	SLC12A3
allenrolfea occidentalis pollen	
glycodiazine	KCNJ1
succimer	
hydroxychloroquine	TLR7
eflornithine	ODC1
iloperidone	HTR2A
didecyldimethylammonium	
calcium glubionate	
peach	
propoxycaine	
tymazoline	
povidone-iodine	
cefacetrile	
veal	
asunaprevir	
streptomycin	
lansoprazole	ATP4A
sulfanilamide	
escitalopram	SLC6A4
sulindac	PTGS2
dosulepin	HTR1A
cefotetan	
atriplex confertifolia pollen	
poliovirus type 1 antigen (formaldehyde inactivated)	
inosine pranobex	
etacrynic acid	ATP1A1
gemtuzumab ozogamicin	CD33
arsthinol	
haematonectria haematococca	
ferric subsulfate	
formoterol	ADRB2
silver	
estradiol cypionate	ESR1
oryctolagus cuniculus hair	
ketamine	GRIN3A
dezocine	OPRM1
formestane	
neurospora intermedia	
thiotepa	
polysorbate 20	
chlorambucil	
neurospora sitophila	
phosphatidyl serine	
isoflavone	
aclidinium	CHRM1
azatadine	HRH1
lipoic acid	
l-tryptophan	
tetracoccosporium paxianum	
black widow spider antivenin (equine)	
glyburide	ABCC8
human papillomavirus type 31 l1 capsid protein antigen	
ulmus parvifolia pollen	
antihemophilic factor human	F9
fluorouracil	TYMS
lapyrium	
aluminum sulfate	
somatrem	GHR
diphenhydramine	HRH1
trospium	
buspirone	HTR1A
corifollitropin alfa	FSHR
gallium nitrate	RRM2
cefditoren	
thiosulfuric acid	
potassium citrate	
carya cordiformis pollen	
quercus garryana pollen	
thyme	
rivastigmine	ACHE
nabumetone	PTGS2
ziconotide	
human papillomavirus type 58 l1 capsid protein antigen	
black walnut	
oxcarbazepine	SCN5A
leek	
streptococcus pneumoniae type 3 capsular polysaccharide diphtheria crm197 protein conjugate antigen	
hydroxocobalamin	MTR
cystine	
drotrecogin alfa	F8
quinine	
aldesleukin	IL2RB
almond	
verteporfin	
niraparib	PARP1
technetium tc-99m medronate	
collagenase clostridium histolyticum	
choline c-11	
pentafluoropropane	
oxazepam	GABRA1
nevirapine	
methylcobalamin	
eptotermin alfa	
ibuprofen	PTGS2
viper antivenom	
indium in-111 pentetreotide	
nandrolone phenpropionate	AR
voacamine	
phenindamine	HRH1
demexiptiline	
aluminum zirconium trichlorohydrex gly	
aluminum zirconium octachlorohydrex gly	
benzodiazepine	
alizapride	DRD2
ocrelizumab	MS4A1
valdecoxib	PTGS2
aluminum chlorohydrex propylene glycol	
propylthiouracil	TPO
antipyrine	
testosterone undecanoate	AR
picrate	
ammonium lactate	
methamphetamine	SLC6A3
wheat	
tropicamide	CHRM4
triticum aestivum pollen	
pipecuronium	CHRNA2
puccinia graminis	
polidocanol	
mifepristone	PGR
horseradish	
botulinum toxin type b	VAMP2
botulinum toxin type a	SNAP25
syagrus romanzoffiana pollen	
temoporfin	
piperaquine	
artemisia vulgaris root	
bivalirudin	F2
parachlorophenol	
alpha-1-proteinase inhibitor	ELANE
imipenem	
ferric cation	
alcaftadine	
l-valine	
ketoprofen	
posaconazole	
iobenguane sulfate i-123	
magnesium sulfate	
pistachio	
dyphylline	PDE4B
american chestnut	
methysergide	HTR2B
callistemon citrinus pollen	
tiaprofenic acid	PTGS2
almitrine	ATP1A1
sodium bisulfite	
artemisia frigida pollen	
erythropoietin	EPOR
doxapram	KCNK3
drospirenone	PGR
deferasirox	
cyclophosphamide	
spectinomycin	
aminophenazone	
populus tremuloides pollen	
colesevelam	
nitrofural	
nitric oxide	GUCY1A2
common carp	
trichophyton mentagrophytes	
prazosin	ADRA1A
sincalide	
humicola grisea	
passiflora incarnata flower	
adenosine	ADORA2A
oxyquinoline	
beractant	
zolpidem	GABRA1
peppermint oil	
piroxicam	PTGS2
aceclofenac	
plecanatide	GUCY1A2
dasatinib	ABL1
phosphoric acid	
bisoprolol	ADRB1
naldemedine	
droxidopa	ADRA1A
hard fat	
cromoglicic acid	KCNMA1
methscopolamine	
acalabrutinib	BTK
epicoccum nigrum	
tetryzoline	ADRA1A
florbetapir (18f)	APP
quercus macrocarpa pollen	
fosfomycin	
diazolidinylurea	
theobromine	
nadolol	ADRB1
aluminum chloride	
artemisia tridentata pollen	
hydroxyamphetamine	
doxorubicin	
lixisenatide	GLP1R
phylloquinone	GGCX
hydrochlorothiazide	SLC12A3
trichophyton rubrum	
loxapine	DRD2
equine botulinum neurotoxin f immune fab2	
ataluren	
neostigmine	ACHE
haloperidol	DRD2
quercus agrifolia pollen	
theophylline	ADORA1
tocofersolan	
cycrimine	CHRM1
l-arginine	
pertuzumab	ERBB2
inulin	
medicago sativa pollen	
melatonin	MTNR1A
cloxacillin	
lanolin	
grain mill dust	
human papillomavirus type 16 l1 capsid protein residues 2-471 antigen	
hydralazine	AOC3
mannitol busulfan	
nelarabine	
brotizolam	
empagliflozin	
mebendazole	TUBA1A
ramelteon	MTNR1A
phenol	
atropine	CHRM1
oseltamivir	
rupatadine	
bordetella pertussis pertactin antigen	
protokylol	ADRB2
neisseria meningitidis serogroup b recombinant lp2086 a05 protein variant antigen	
foreskin keratinocyte (neonatal)	FGF1
burosumab	CNR1
polysorbate 80	
pear	
fenpropidin	
acetylcysteine	GSS
ulipristal	PGR
tetracycline	
meningococcal polysaccharide vaccine group w-135	
cariprazine	DRD3
oxacillin	
reposal	
nafcillin	
interferon gamma-1b	IFNGR1
dichlorobenzyl alcohol	SCN1A
lutein	
bexarotene	RXRA
idarucizumab	
trolamine polypeptide oleate condensate	
lumiracoxib	PTGS2
amfecloral	
calcium citrate	
romidepsin	
moroctocog alfa	F10
dexmethylphenidate	SLC6A3
salicylic acid	PTGS1
alimemazine	HRH1
ergonovine	
sweet potato	
omalizumab	FCER1A
oxybutynin	CHRM3
cefmenoxime	
l-glutamine	
carvedilol	ADRB1
oxitriptan	
sequoia sempervirens pollen	
ferrous bisglycinate	
nitroglycerin	NPR1
oxycodone	OPRM1
nitrofurantoin	
lauric acid	
bromus inermis pollen	
edoxaban	F10
ibrutinib	BTK
niacin	HCAR3
corticorelin ovine triflutate	CRHR1
febuxostat	XDH
elaeagnus angustifolia pollen	
pinus virginiana pollen	
potassium iodide	
pembrolizumab	PDCD1
darbepoetin alfa	EPOR
bosutinib	BCR
tiludronic acid	
pethidine	OPRK1
8-chlorotheophylline	ADORA2A
shark liver oil	
linaclotide	GUCY2C
metyrapone	CYP11B1
aceprometazine	HRH1
lacidipine	
terconazole	
pseudoephedrine	SLC6A2
bromodiphenhydramine	HRH1
black olive	
mangafodipir	
mitiglinide	ABCC8
pegaptanib	
oxtriphylline	PDE3A
pentolinium	CHRNA10
autologous cultured chondrocytes	
sulfacetamide	
meriones unguiculatus skin	
trichothecium roseum	
streptococcus pneumoniae type 19a capsular polysaccharide diphtheria crm197 protein conjugate antigen	
terazosin	ADRA1A
progesterone	PGR
clozapine	DRD2
ivacaftor	CFTR
nicotinamide	
prochlorperazine	DRD2
dehydrocholic acid	
mebeverine	
polyvinyl alcohol	
flupentixol	DRD2
follitropin	FSHR
panobinostat	
dimetacrine	ACHE
pyrantel	
quinacrine	
sevoflurane	GABRA1
nivolumab	PDCD1
insulin lispro	INSR
reslizumab	IL5
larix occidentalis pollen	
cidofovir	
glutethimide	
trichlormethiazide	SLC12A3
l-leucine	
tinidazole	
d-alpha-tocopherol acetate	
glecaprevir	
caffeine	ADORA1
brilliant green cation	
aluminum zirconium pentachlorohydrate	
ferrous cysteine glycinate	
atriplex canescens pollen	
quinapril	ACE
strontium chloride	
ethyl macadamiate	
hypromellose	
dimethicone 410	
agave sisalana fiber	
hyaluronic acid	CD44
equine botulinum neurotoxin a immune fab2	
sulconazole	
tioguanine	
taurolidine	
propyl alcohol	
amobarbital	GABRA1
hypochlorite	
dill	
fospropofol	GABRB2
clorazepate	GABRA1
amphiachyris dracunculoides pollen	
urokinase	PLG
ferric sulfate	
cyproheptadine	HRH1
methantheline	HRH2
temazepam	GABRA1
indium in-111 oxyquinoline	
drometrizole trisiloxane	
cochliobolus lunatus	
streptococcus pneumoniae type 14 capsular polysaccharide diphtheria crm197 protein conjugate antigen	
trimetrexate	DHFR
protocatechualdehyde	
hemin	
boric acid	
phendimetrazine	ADRA1A
yellow fever vaccine	
sacubitril	MME
foreskin fibroblast (neonatal)	
agomelatine	HTR2C
potassium chloride	
vasopressin	AVPR2
telmisartan	AGTR1
vestronidase alfa	
mepiprazole	
canis lupus familiaris hair	
benzthiazide	SLC12A3
herring	
triprolidine	HRH1
spirapril	ACE
amino acids	
trichophyton schoenleinii	
atezolizumab	CD274
gemifloxacin	
aloe polysaccharide	
sertindole	DRD2
bordetella pertussis toxoid antigen (formaldehyde, glutaraldehyde inactivated)	
dutasteride	SRD5A2
fondaparinux	SERPINC1
ketorolac	PTGS2
metformin	PRKAB1
artemotil	
sodium iodide	
obinutuzumab	MS4A1
carteolol	ADRB2
molybdenum	
nicergoline	ADRA1A
alpha-linolenic acid	FADS1
benzathine benzylpenicillin	
gemeprost	
safinamide	MAOB
oxymorphone	OPRM1
axicabtagene ciloleucel	CD19
khuskia oryzae	
oxytocin	OXTR
fluprednidene	
piperazine	GABRB3
calfactant	
ceftazidime	
ranolazine	SCN5A
epirizole	
estazolam	GABRA1
syncephalastrum racemosum	
iodide	
xylitol	
capsicum oleoresin	TRPV1
permethrin	
ceforanide	
pazopanib	FLT1
cefpodoxime	
methylene blue	GUCY1A2
decitabine	DNMT1
tianeptine	
ailanthus altissima pollen	
ethynodiol diacetate	PGR
ciclopirox	ATP1A1
mirtazapine	HTR2A
formic acid	
equus caballus dander	
eucalyptol	
conestat alfa	C1R
interferon alfa-2a, recombinant	IFNAR1
methotrimeprazine	DRD2
p-nitrobiphenyl	
ganirelix	GNRHR
ornithine	
midostaurin	PRKCA
cimetidine	HRH2
thonzonium	ATP6V1C1
streptococcus pneumoniae type 23f capsular polysaccharide diphtheria crm197 protein conjugate antigen	
beef	
curcumin	
rye	
anagrelide	PDE3A
quinestrol	ESR1
nitrous oxide	
sus scrofa hair	
procaine merethoxylline	
tragacanth	
fluvastatin	HMGCR
exemestane	CYP19A1
phleum pratense pollen	
sulfamethizole	
streptococcus pneumoniae type 9v capsular polysaccharide diphtheria crm197 protein conjugate antigen	
roflumilast	
prazepam	GABRA1
salix lucida ssp. lasiandra pollen	
maprotiline	SLC6A2
atracurium	
certolizumab pegol	TNF
sennosides	
equine botulinum neurotoxin c immune fab2	
pinus echinata pollen	
potassium nitrate	
methoxy polyethylene glycol-epoetin beta	EPOR
tofacitinib	JAK1
morphine	OPRM1
altretamine	
peg-100 stearate	
xanthan gum	
antihemophilic factor (recombinant), pegylated	
dihydro-alpha-ergocryptine	DRD2
clobetasol propionate	NR3C1
methadone	OPRM1
unoprostone	
delafloxacin	
eptifibatide	ITGB3
insulin glulisine	INSR
egg	
chrysonilia sitophila	
aspergillus flavus	
copper	
inosine	
sertraline	SLC6A4
fingolimod	
aviptadil	
tramadol	OPRM1
glycyrrhizic acid	HSD11B1
tolperisone	
kinetin	
cyclopentolate	CHRM1
levamisole	CHRNA3
meclocycline	
lisinopril	ACE
cauliflower	
vespula maculifrons venom protein	
atractylodes japonica root	
tocilizumab	IL6R
penicillium roqueforti	
selenium	
iomeprol	
yohimbine	ADRA2A
nystatin	
aprindine	SCN5A
panthenol	
sufentanil	OPRM1
rhus glabra pollen	
amitriptyline	SLC6A2
amodiaquine	
romiplostim	MPL
niclosamide	
magnesium carbonate	
fenoterol	ADRB2
fosnetupitant	
enflurane	GABRA1
armodafinil	
digoxin immune fab (ovine)	
penicillium chrysogenum var. chrysogenum	
varicella zoster vaccine (live/attenuated)	
magnesium chloride	
histidine	
manidipine	CACNA1C
umeclidinium	
coagulation factor viia recombinant human	
moxidectin	
tromethamine	
carya tomentosa pollen	
ioflupane i-123	
rice bran oil	
cobimetinib	MAP2K1
urea c-14	
juglans nigra pollen	
mung bean	
alclometasone	NR3C1
nicotine	CHRNA4
technetium tc-99m oxidronate	
amikacin	
carbon dioxide	
vapreotide	SSTR2
acamprosate	GABRA1
technetium tc-99m tilmanocept	MRC1
chlorobutanol	
ginkgo biloba	
hymenoclea salsola pollen	
butylscopolamine	CHRM3
potassium gluconate	
salix nigra bark	
hycanthone	ABCB1
digitoxin	ATP1A1
mefenamic acid	PTGS2
ospemifene	ESR1
gadoteridol	
laropiprant	
schinus molle pollen	
milnacipran	SLC6A4
fomivirsen	
florbetaben (18f)	
bicalutamide	AR
eszopiclone	GABRA1
lolium perenne subsp. multiflorum pollen	
tamarix gallica pollen	
benznidazole	
stemphylium sarciniforme	
etanercept	TNF
dipotassium phosphate	
chymopapain	PRG2
olaparib	PARP1
piperacillin	
epidermophyton floccosum	
heroin	OPRM1
clomocycline	
pinus thunbergii pollen	
iron saccharate	HBA1
poppy seed	
alitretinoin	RARA
doripenem	
dexamethasone	NR3C1
galactose	
zucapsaicin	TRPV1
baccharis halimifolia pollen	
ceftibuten	
octinoxate	
macadamia nut	
cinalukast	CYSLTR1
crisaborole	
magnesium acetate	
gentian violet	
ammonia n-13	
ibandronate	FDPS
fusarium oxysporum vasinfectum	
danaparoid	SERPINC1
folic acid	
bupropion	SLC6A3
english walnut	
chloroprocaine	SCN10A
eftrenonacog alfa	
dabrafenib	
tetracosactide	MC2R
deutetrabenazine	SLC18A2
iron isomaltoside 1000	
sunitinib	PDGFRB
thymol	
etoricoxib	PTGS2
propranolol	ADRB1
alogliptin	DPP4
rabeprazole	ATP4A
ciprofloxacin	
pimecrolimus	MTOR
betula lenta whole	
ixazomib	
clobetasol	
trichophyton tonsurans	
sulfadiazine	
levothyroxine	THRA
banana	
enfuvirtide	
aspergillus fumigatus	
tapentadol	
neisseria meningitidis serogroup b recombinant lp2086 b01 protein variant antigen	
pramipexole	DRD3
d-glucose	
amifostine	ALPG
glutamic acid	
glycerin	PPARD
azelaic acid	
cocoa butter	
salbutamol	ADRB2
pinus ponderosa pollen	
regorafenib	FLT1
methyltestosterone	
lapatinib	EGFR
lynestrenol	
carbamide peroxide	
tinzaparin	SERPINC1
protamine sulfate	
penicillium glaucum	
castor oil	PTGER3
phenyl aminosalicylate	
podofilox	TOP2A
levomenol	
haddock	
streptococcus pneumoniae type 2 capsular polysaccharide antigen	
azithromycin	
boscalid	
strontium chloride sr-89	
melopsittacus undulatus feather	
fenspiride	
betula populifolia pollen	
ergoloid mesylate	DRD1
nesiritide	
fluoride ion	
technetium tc-99m disofenin	
phenindione	VKORC1
danthron	
iopromide	
emedastine	HRH1
ethotoin	SCN5A
nisoldipine	CACNA1C
rilpivirine	
ezogabine	
zileuton	ALOX5
chromic chloride	INSR
juniperus osteosperma pollen	
lisdexamfetamine	SLC6A3
lymecycline	
antilymphocyte immunoglobulin (horse)	
rumex altissimus pollen	
cyclizine	HRH1
tolmetin	PTGS2
trolamine salicylate	PTGS1
natalizumab	ITGA4
vespula vulgaris venom protein	
telotristat ethyl	TPH2
naproxen	PTGS1
coffee bean	
paecilomyces variotii	
normethadone	
tretinoin	RXRB
carbidopa	DDC
camphor	TRPV1
clobazam	
ingenol mebutate	
picea pungens pollen	
trypsin	
tolbutamide	ABCC8
ouabain	ATP1A1
trichophyton verrucosum	
simethicone	
selenious acid	
oritavancin	
thyroglobulin	
streptococcus pneumoniae type 22f capsular polysaccharide antigen	
sporisorium cruentum	
tetanus immune globulin	
lenalidomide	CRBN
danazol	ESR1
tacrolimus	FKBP1A
adefovir dipivoxil	
cefonicid	
isoflurophate	ACHE
betula nigra pollen	
dabigatran etexilate	F2
meticillin	
sulesomab	
indomethacin	
synthetic camphor	
clofazimine	
acer negundo pollen	
eplerenone	NR3C2
repaglinide	ABCC8
sipuleucel-t	
pyridoxal phosphate	
human rho(d) immune globulin	CD274
fursultiamine	
quercus nigra pollen	
quercus dumosa pollen	
verticillium albo-atrum	
magnesium oxide	
cupric chloride	
quinagolide	
benzylpenicilloyl polylysine	FCER1G
cefamandole	
etidronic acid	
rhodotorula rubra	
microascus brevicaulis	
dexbrompheniramine	HRH1
vardenafil	PDE5A
barium sulfate	
ambrosia dumosa pollen	
tubocurarine	CHRNA2
bismuth subcitrate	
brimonidine	ADRA2A
voretigene neparvovec	RPE65
ceftriaxone	
candida tropicalis	
neon	
sulfoxone	
cochliobolus sativus	
ox bile extract	
fusarium graminearum	
oxymetazoline	ADRA1A
acetarsol	
poloxamer 188	
phenylpropanolamine	
poa compressa pollen	
pleospora betae	
tegafur	
cianidanol	
natamycin	
zanamivir	
idursulfase	
eperisone	
sodium carbonate	
stachybotrys chartarum	
icatibant	BDKRB2
fencamfamine	SLC6A3
carprofen	PTGS2
pinus resinosa pollen	
etonogestrel	PGR
citicoline	
populus alba pollen	
minoxidil	KCNJ1
streptokinase	PLG
benzonatate	
cangrelor	P2RY12
coagulation factor ix (recombinant)	F10
alfacalcidol	
bos taurus hair	
propolis wax	
sulisobenzone	
ticlopidine	P2RY12
mangifera indica pollen	
penicillium expansum	
crizotinib	
abiraterone	CYP17A1
streptococcus pneumoniae type 19f capsular polysaccharide antigen	
gadopentetate dimeglumine	
quercus stellata pollen	
nomegestrol	
sodium hydroxide	
ambrosia trifida pollen	
poloxamer 407	
taliglucerase alfa	
green bell pepper	
cilostazol	PDE3A
ketotifen	HRH1
phentolamine	ADRA2A
creatine	CKM
fidaxomicin	
insulin human	INSR
articaine	
ramosetron	
fagus grandifolia pollen	
streptococcus pneumoniae type 11a capsular polysaccharide antigen	
clarithromycin	
robinia pseudoacacia pollen	
nafamostat	F2
dl-dimyristoylphosphatidylcholine	
dulaglutide	GLP1R
terpin hydrate	
ipratropium	CHRM1
ixabepilone	TUBB3
lenvatinib	FLT1
methyclothiazide	SLC12A1
methohexital	GABRA1
onion	
atriplex wrightii pollen	
huperzine-a	
piracetam	
eggplant	
thioproperazine	DRD2
idoxuridine	
ondansetron	HTR3A
durvalumab	CD274
histamine	HRH1
betamethasone	NR3C1
glucarpidase	
thiamylal	GABRA1
hydrotalcite	
chaetomium globosum	
melilotus officinalis pollen	
acer macrophyllum pollen	
millet seed	
astemizole	HRH1
ethyl chloride	
scallop	
streptococcus pneumoniae type 8 capsular polysaccharide antigen	
epirubicin	CHD1
imiquimod	TLR7
rifabutin	
black pepper	
influenza b virus b/phuket/3073/2013 antigen (formaldehyde inactivated)	
cefotiam	
platanus hybrida pollen	
cabbage	
hydroflumethiazide	SLC12A1
tiotropium	CHRM3
technetium tc-99m sestamibi	
sarocladium strictum	
dichloroacetic acid	PDK1
cladosporium cladosporioides	
metronidazole	
interferon alfa-2b, recombinant	IFNAR2
ergosterol	
pipradrol	
mexiletine	SCN5A
artenimol	
moxifloxacin	
orlistat	PNLIP
diiodohydroxyquinoline	
framycetin	
amylocaine	
vinblastine	TUBA1A
dactinomycin	
phosphorus	
chloroxylenol	
amlodipine	CACNA1C
vonicog alfa	F8
liraglutide	GLP1R
lamotrigine	CACNA1E
foscarnet	
aripiprazole lauroxil	DRD2
ioversol	
sulfasalazine	ALOX5
aloglutamol	
enzacamene	
diazoxide	KCNJ11
juniperus virginiana pollen	
aliskiren	REN
molsidomine	
dioxybenzone	
ferumoxytol	
elotuzumab	SLAMF7
cycloserine	
teriflunomide	
tezacaftor	
hydrocodone	OPRM1
technetium tc-99m tetrofosmin	
agrostis stolonifera pollen	
promethazine	HRH1
hydromorphone	OPRM1
cefdinir	
trilostane	HSD3B1
glutathione disulfide	
isotretinoin	
benzydamine	
lyme disease vaccine (recombinant ospa)	TLR2
rumex obtusifolius pollen	
salix discolor pollen	
bendroflumethiazide	SLC12A3
calcium levulinate	
prothrombin	FGA
pidotimod	
pentetreotide	
rubella virus vaccine	
tannic acid	
dimethyl fumarate	KEAP1
chorionic gonadotropin (human)	LHCGR
baloxavir marboxil	
brinzolamide	CA2
dextrothyroxine	THRA
amprenavir	
budesonide	NR3C1
roxithromycin	
buckwheat	
moxonidine	ADRA2A
piritramide	
aminobenzoic acid	
cupressus arizonica pollen	
flurbiprofen	
ganciclovir	
amiodarone	KCNH2
cucumber	
plantago lanceolata pollen	
indigotindisulfonic acid	
goserelin	LHCGR
mitotane	CYP11B1
memantine	GRIN3A
codeine	OPRM1
certoparin	
sulbactam	
progabide	GABBR1
pirenzepine	CHRM1
olanzapine	HTR2A
cetyl ethylhexanoate	
fludiazepam	GABRA1
fluticasone propionate	NR3C1
tanacetum cinerariifolium flower	
ambrosia psilostachya pollen	
enoximone	PDE3A
azelnidipine	
ethoheptazine	
amorolfine	
sage oil	
colletotrichum coccodes	
triflusal	PTGS1
fleroxacin	TOP2A
sapropterin	PAH
conjugated estrogens	ESR1
dorzolamide	CA2
chlormerodrin	SLC12A1
temocillin	
propyliodone	
picosulfuric acid	
fentanyl	OPRM1
fosinopril	ACE
taurine	
phenylbutyric acid	
isopropyl alcohol	
voglibose	MGAM
tipiracil	TYMP
melphalan	
streptococcus pneumoniae type 33f capsular polysaccharide antigen	
nedocromil	CYSLTR1
fenproporex	
capecitabine	TYMS
diphenoxylate	OPRM1
clostridium tetani toxoid antigen (formaldehyde inactivated)	
phenyltoloxamine	
ustilago tritici	
etoposide	TOP2A
bassia hyssopifolia pollen	
latanoprostene bunod	PTGFR
sorbitol	
apiospora montagnei	
eprazinone	
heptabarbital	GABRA1
rizatriptan	HTR1D
nicorandil	ABCC9
probucol	ABCA1
pirlindole	
ambrosia tenuifolia pollen	
cinnarizine	HRH1
tetrabenazine	SLC18A2
pyrithione	
liotrix	THRA
butenafine	SQLE
ethinyl estradiol	ESR1
penicillium camemberti	
rabies virus inactivated antigen, a	
mephentermine	ADRA1A
valproate bismuth	
dihydroergocornine	HTR1A
diclofenac	PTGS2
sulfametopyrazine	
phalaris minor pollen	
molindone	DRD2
paliperidone	HTR2A
hexachlorophene	
salsalate	PTGS2
nilotinib	ABL1
ethosuximide	CACNA1G
poa pratensis pollen	
rofecoxib	PTGS2
vespula pensylvanica venom protein	
culex pipiens	
inositol	
sugarcane	
raloxifene	ESR1
bismuth subgallate	
paramethadione	CACNA1I
deferoxamine	
isocarboxazid	MAOA
blackberry	
agkistrodon piscivorus antivenin	PLA2G10
alglucosidase alfa	M6PR
oleic acid	
fenoprofen	PTGS2
arformoterol	ADRB2
clofarabine	POLA1
olmutinib	EGFR
anthrax immune globulin human	
nusinersen	
sulodexide	SERPIND1
cyanocobalamin	MTR
podophyllin	
iobitridol	
carob	
cefaclor	
stepronin	
acepromazine	DRD2
raspberry	
red bell pepper	
haemophilus influenzae type b strain 1482 capsular polysaccharide tetanus toxoid conjugate antigen	
venetoclax	BCL2
everolimus	MTOR
toloxatone	
tesamorelin	GHRHR
bepridil	CACNA1A
zeaxanthin	
selenic acid	
bimatoprost	PTGFR
carmustine	GSR
1-palmitoyl-2-oleoyl-sn-glycero-3-(phospho-rac-(1-glycerol))	
pamidronate	FDPS
scopolamine	CHRM1
mecasermin	IGF1R
telaprevir	
anisindione	GGCX
simeprevir	
pinus strobus pollen	
sodium zirconium cyclosilicate	
apraclonidine	ADRA2A
lorpiprazole	HTR2A
nortriptyline	SLC6A2
tetrachlorodecaoxide	
colestilan chloride	
nitroxoline	METAP2
melilotus albus pollen	
trimebutine	OPRM1
sunflower seed	
metreleptin	LEPR
fusidic acid	
adenosine monophosphate	
eugenol	
parsnip	
benzoyl peroxide	
recombinant cholera toxin b subunit	
valganciclovir	
oyster	
chenopodium album pollen	
holcus lanatus pollen	
urochloa mutica pollen	
alcloxa	
lifitegrast	ITGAL
cat dander extract	
potassium	
azficel-t	
arbutin	
promazine	DRD2
benzyl benzoate	
felbamate	GRIN2B
ethchlorvynol	GABRA1
prilocaine	SCN5A
polistes annularis venom protein	
prasterone	
dl-dimyristoylphosphatidylglycerol	
ofatumumab	MS4A1
loxoprofen	PTGS2
casein	
ustilago maydis	
apricot	
clinofibrate	
aranidipine	
peppermint	
magnesium citrate	
ridogrel	TBXA2R
alemtuzumab	CD52
palivizumab	
choline salicylate	
lobster	
lomitapide	MTTP
pork collagen	
diphenylpyraline	HRH1
docusate	
tolazoline	ADRA1A
paroxetine	SLC6A4
ambrosia acanthicarpa pollen	
anthrax vaccine	
adinazolam	
ibutilide	CACNA1C
cephaloridine	
starch, tapioca	
nefazodone	HTR2A
vismodegib	SMO
cotton	
lemon	
streptococcus pneumoniae type 1 capsular polysaccharide antigen	
dequalinium	XIAP
gramicidin d	
levobupivacaine	SCN10A
streptococcus pneumoniae type 18c capsular polysaccharide antigen	
quercus lobata pollen	
avena sativa pollen	
asparaginase escherichia coli	
tegafur-uracil	
estradiol acetate	ESR1
plasma protein fraction (human)	
atlantic cod	
octreotide	SSTR1
meningococcal group c polysaccharide	
lisuride	DRD2
levobunolol	ADRB2
streptococcus pneumoniae type 9n capsular polysaccharide antigen	
hydrocortamate	NR3C1
levosalbutamol	ADRB2
pilocarpine	CHRM3
coagulation factor vii human	F3
miglitol	MGAM
quercus rubra pollen	
glatiramer	
indium in-111 chloride	
lactic acid	
pinus sylvestris pollen	
atlantic salmon	
fludrocortisone	NR3C2
mirabegron	
sodium acetate	
fructose	
l-threonine	
amphetamine	SLC18A2
streptococcus pneumoniae type 15b capsular polysaccharide antigen	
enasidenib	
ibritumomab tiuxetan	MS4A1
pepsin	
hexylcaine	SCN5A
sitotroga cerealella	
sorghum bicolor subsp. drummondii pollen	
levodopa	DRD1
zidovudine	
artemisia californica pollen	
palmitic acid	
iopamidol	
levosimendan	TNNC1
red snapper	
house dust	
ixekizumab	IL17A
testosterone enantate benzilic acid hydrazone	
indapamide	
flucytosine	
geotrichum candidum	
factor ix complex (human)	
olaratumab	PDGFRA
cerivastatin	HMGCR
abciximab	ITGB3
saccharomyces cerevisiae	
ammonia	
zotepine	DRD1
aminosalicylic acid	
sulfamethoxazole	
pine needle oil (pinus mugo)	
peanut	
selegiline	MAOB
esculin	
tocainide	SCN5A
guanfacine	ADRA2A
tobramycin	
gallamine triethiodide	CHRM2
ocriplasmin	FN1
fluoxetine	SLC6A4
cimicifuga racemosa	
selexipag	PTGIR
auranofin	PRDX5
chloral hydrate	
phenoxymethylpenicillin	
captodiame	HTR2C
influenza a virus a/switzerland/9715293/2013 nib-88 (h3n2) antigen (formaldehyde inactivated)	
equine botulinum neurotoxin b immune fab2	
asparagus	
cyclosporine	CAMLG
voriconazole	
parnaparin	
methimazole	TPO
methylprednisone	
quercus velutina pollen	
grepafloxacin	
trichloroacetate	
corynebacterium diphtheriae	
cisapride	HTR4
dinoprostone	PTGER2
trimethobenzamide	
l-tyrosine	
canis lupus familiaris dander	
ramipril	ACE
candesartan cilexetil	AGTR1
perhexiline	CPT1A
alginic acid	
tolcapone	COMT
methyl undecenoyl leucinate	
tildrakizumab	IL12B
amphotericin b	
cefoxitin	
ajmaline	
poliovirus type 2 antigen (formaldehyde inactivated)	
pomalidomide	
sodium aurothiomalate	
dicyclomine	CHRM1
cholic acid	
human cord blood hematopoietic progenitor cell	
limaprost	
somatostatin	SSTR1
alprazolam	GABRA1
setiptiline	
streptococcus pneumoniae type 5 capsular polysaccharide diphtheria crm197 protein conjugate antigen	
solifenacin	CHRM3
polydatin	
rosoxacin	
methadyl acetate	OPRM1
indium in-111 pentetate	
atosiban	OXTR
benzoic acid	
calcium gluceptate	
nizatidine	HRH2
zopiclone	GABRA1
ambrosia artemisiifolia pollen	
perazine	
ulmus pumila pollen	
st. john's wort	
droperidol	DRD2
calcium glycerophosphate	
telithromycin	
abacavir	
aminophylline	PDE3A
meropenem	
idarubicin	
thyrotropin alfa	TSHR
sodium phosphate	
hesperetin	SOAT1
deserpidine	SLC18A2
tyloxapol	LPL
magnesium trisilicate	
pretomanid	
sulpiride	DRD2
apple	
antrafenine	
thiocolchicoside	GABRA1
distichlis spicata pollen	
gluconic acid	
zaltoprofen	
norethynodrel	
thiamine	TPK1
microcrystalline cellulose	
monoctanoin	
gliquidone	ABCC8
cyproterone acetate	AR
exenatide	GLP1R
emicizumab	F9
trimipramine	SLC6A4
menthyl salicylate	
crotamiton	
cenegermin	
gadofosveset trisodium	
oteracil	
bisoctrizole	
carboxin	
mestranol	ESR1
enprofylline	PDE4A
crab	
helminthosporium solani	
hepatitis b vaccine (recombinant)	
fish oil	DGAT2
nimodipine	CACNA1C
quahog, unspecified	
chloroquine	
demeclocycline	
olopatadine	HRH1
propiverine	CHRM1
torasemide	SLC12A1
entacapone	COMT
tangerine	
sodium bicarbonate	
lovastatin	HMGCR
parathyroid hormone	
acetyl sulfisoxazole	
laronidase	
efinaconazole	
rabbit	
egg white	
paricalcitol	VDR
isoflurane	GABRA1
opium	OPRD1
ticagrelor	
xenon-133	
streptococcus pneumoniae type 19f capsular polysaccharide diphtheria crm197 protein conjugate antigen	
estradiol dienanthate	ESR1
fraxinus pennsylvanica pollen	
pramlintide	CALCR
tamibarotene	RARA
nabiximols	CNR1
asfotase alfa	S1PR1
procyclidine	CHRM1
insulin beef	
perampanel	GRIA1
clodronic acid	SLC25A4
bazedoxifene	ESR1
dapagliflozin	SLC5A2
mannitol	
clofedanol	HRH1
amoxapine	
ambrosia chamissonis pollen	
dioctyldimonium	
hypomyces perniciosus	
testosterone enanthate	AR
roxatidine acetate	HRH2
berberine	
chlormezanone	TSPO
carrot	
fluoride ion f-18	
shrimp	
imiglucerase	
zinc picolinate	
lamb	
ubiquinol	
echothiophate	BCHE
pipobroman	
rhubarb	
arbutamine	ADRB1
ifenprodil	GRIN1
chymotrypsin	
digoxin	ATP1A1
thyroid, porcine	
ketoconazole	
coagulation factor ix human	F10
eupatorium capillifolium pollen	
phoma glomerata	
milrinone	PDE3A
efavirenz	
estrone	ESR1
benzethonium	
iopodic acid	DIO3
tiagabine	SLC6A1
olea europaea pollen	
coral snake (micrurus fulvius) immune globulin antivenin (equine)	
macitentan	
pranlukast	CYSLTR1
phleum pratense top	
tomato	
chlorphenesin	
cytisine	
liquidambar styraciflua pollen	
trichoderma viride	
lindane	GABRB1
manganese	
aminocaproic acid	PLG
sorafenib	
etofylline nicotinate	
choline c 11	
methdilazine	HRH1
methyl nicotinate	
safflower	
cyamemazine	
rimonabant	CNR1
streptococcus pneumoniae type 6a capsular polysaccharide diphtheria crm197 protein conjugate antigen	
treprostinil	PTGIR
vitamin c	
vitamin a	
perospirone	HTR2A
artichoke	
vitamin e	
guanidine	
sucralfate	
bouteloua gracilis pollen	
vespula germanica venom protein	
glycolic acid	
ranibizumab	VEGFA
juglans regia pollen	
streptococcus pneumoniae type 9v capsular polysaccharide antigen	
ambrosia bidentata pollen	
salmon calcitonin	
eprosartan	AGTR1
light green sf yellowish	
nonacog beta pegol	F7
diloxanide	
cefminox	
fraxinus velutina pollen	
coccidioides immitis spherule	
nadh	
curcuma aromatica root oil	
cefpiramide	
cabazitaxel	
swordfish	
pyrazinamide	
hydrogen peroxide	
lutropin alfa	LHCGR
efonidipine	
dalteparin	SERPINC1
dolutegravir	
paromomycin	
soybean oil	PPARA
talimogene laherparepvec	
pantethine	
dextromethorphan	SIGMAR1
mitomycin	
flunitrazepam	TSPO
ripasudil	
enalaprilat	ACE
phensuximide	
phenazopyridine	SCN1A
aedes taeniorhynchus	
naloxone	OPRM1
medical air	
valaciclovir	
dermatophagoides farinae	
ceruletide	CCKAR
rumex crispus top	
abemaciclib	
chromium cr-51	
technetium tc-99m pertechnetate	
ebastine	
tolnaftate	
flunarizine	CACNA1G
lentil	
largemouth bass	
chenopodium botrys pollen	
pirbuterol	ADRB2
artesunate	
dimethicone	
triazolam	GABRA1
protirelin	TRHR
viomycin	
pinus contorta pollen	
benzphetamine	SLC18A2
sparfloxacin	TOP2A
degarelix	GNRHR
procaterol	ADRB2
guselkumab	IL23A
delorazepam	
cladribine	RRM1
populus nigra pollen	
ribociclib	CDK4
anistreplase	PLG
brexpiprazole	
human rabies virus immune globulin	
nelfinavir	
josamycin	
bromhexine	
boceprevir	
methenamine	
beclomethasone dipropionate	NR3C1
eltrombopag	
bupranolol	ADRB1
alternaria alternata	
stiripentol	
mycocladus corymbiferus	
carbetocin	OXTR
norgestrel	PGR
belladonna	
marimastat	MMP1
hepatitis b immune globulin	
magnesium salicylate	PTGS2
vandetanib	
azlocillin	
ethanolamine oleate	
brompheniramine	HRH1
paraldehyde	
naratriptan	HTR1D
benzatropine	CHRM1
travoprost	PTGFR
dobutamine	ADRB1
keyhole limpet hemocyanin	
testosterone cypionate	AR
temozolomide	
acenocoumarol	VKORC1
interferon alfa-n3	IFNAR1
meclizine	HRH1
interferon alfa-n1	IFNAR2
cisatracurium	CHRNA2
pentagastrin	CCKBR
diethylpropion	SLC6A2
huperzine a	
potassium hydroxide	
scorpion (centruroides) immune fab2 antivenin (equine)	
clevidipine	
fomepizole	ADH1A
mimosine	SHMT1
bemiparin	F10
cysteamine	
fluclorolone acetonide	
sugammadex	
becaplermin	PDGFRB
bleomycin	
brentuximab vedotin	TNFRSF8
tetrofosmin	
tranilast	
interferon beta-1a	IFNAR1
interferon beta-1b	IFNAR1
northern pike	
dimetotiazine	
barnidipine	CACNA1C
phenylacetic acid	
besilesomab	
fosamprenavir	
helianthus annuus pollen	
anthoxanthum odoratum pollen	
tilia americana pollen	
diethylamino hydroxybenzoyl hexyl benzoate	
dexmedetomidine	ADRA2A
secukinumab	IL17A
proparacaine	SCN10A
tiopronin	
moxisylyte	
trimethaphan	CHRNA10
fluocinolone acetonide	NR3C1
mepivacaine	SCN10A
isosorbide mononitrate	GUCY1A2
meclofenamic acid	PTGS1
pinus banksiana pollen	
sulfamethazine	
streptozocin	
lanreotide	
influenza a virus a/bolivia/559/2013 (h1n1) live (attenuated) antigen	
malathion	BCHE
tauroursodeoxycholic acid	
urtica dioica pollen	
tenofovir disoproxil	
dexfenfluramine	SLC6A4
clove oil	
ubidecarenone	NDUFV3
diazepam	GABRA1
clove	
racepinephrine	ADRA1A
phloxine b	
benperidol	
agrostis gigantea pollen	
iron dextran	HBB
dexpanthenol	
rimantadine	
homosalate	
proguanil	DHFR
magnesium acetate tetrahydrate	
reteplase	PLG
lobeglitazone	
atazanavir	
serine	
human papillomavirus type 11 l1 capsid protein antigen	
perboric acid	
lornoxicam	PTGS1
etodolac	PTGS2
prednisone	NR3C1
equine botulinum neurotoxin g immune fab2	
gestodene	
pineapple	
bilastine	HRH1
tripelennamine	HRH1
lidocaine	SCN10A
acarbose	MGAM
mequitazine	HRH1
nabilone	CNR2
propafenone	SCN5A
felis catus hair	
bentoquatam	
plazomicin	
desvenlafaxine	
omega-3-acid ethyl esters	
monobenzone	
levonorgestrel	PGR
eletriptan	HTR1D
brivaracetam	SV2A
silodrate	
cetuximab	EGFR
carya ovata pollen	
crotalus atrox antivenin	
daunorubicin	
saquinavir	
trametinib	
enzalutamide	
aprotinin	
gadolinium	
secretin porcine	
tiapride	DRD2
chicken	
tolterodine	CHRM3
dienestrol	ESR1
chloroxine	
hexobarbital	GABRA1
calcium chloride	
aminohippuric acid	
safflower oil	
atracurium besylate	CHRNA2
hops	
cholestyramine	
festuca pratensis pollen	
oxilofrine	
crotalus scutulatus antivenin	
sulfapyridine	
pemirolast	
oxyphencyclimine	CHRM3
fluorometholone	NR3C1
white catfish	
menadione	GGCX
lenograstim	CSF3R
eurotium herbariorum	
ritodrine	ADRB2
clobetasone	NR3C1
trovafloxacin	
ensulizole	
musca domestica	
sacrosidase	
clopidogrel	P2RY12
physostigmine	ACHE
gemcitabine	
defibrotide	
pheniramine	HRH1
dydrogesterone	PGR
fluphenazine	DRD2
ethyl loflazepate	
protein c	
arabica coffee bean	
aluminum zirconium pentachlorohydrex gly	
fluticasone furoate	
dexibuprofen	PTGS2
raxibacumab	
alprostadil	PTGER2
edaravone	
spaglumic acid	
imidafenacin	CHRM1
nordazepam	
insulin aspart	INSR
ribostamycin	
titanium dioxide	
kanamycin	
novobiocin	
gabapentin	CACNA2D1
calcium saccharate	
goat milk	
calcium lactate	
nitrogen	
sarilumab	
methylprednisolone	NR3C1
cresol	
mucor plumbeus	
o-(2,4-dichlorophenyl)-o-methyl-isopropylphosphoramidothioate	
iobenguane	
salsola kali pollen	
amsacrine	
cetylpyridinium	
omacetaxine mepesuccinate	
guanabenz	ADRA2A
alendronic acid	FDPS
apis mellifera venom	
honeydew melon	
strawberry	
clomifene	ESR1
levocabastine	HRH1
morniflumate	
mebutamate	
canagliflozin	
doxepin	HRH1
fluconazole	
nimesulide	PTGS2
sulfamoxole	
aspartame	
human papillomavirus type 18 l1 capsid protein antigen	
chili pepper	
raltegravir	
alefacept	CD2
mersalyl	
varicella zoster vaccine (recombinant)	
methylergometrine	DRD1
conivaptan	AVPR1A
riamet	
carbinoxamine	HRH1
tetradecyl hydrogen sulfate (ester)	PROCR
populus fremontii pollen	
diacerein	
juniperus pinchotii pollen	
donepezil	ACHE
avobenzone	
topotecan	TOP1
doxercalciferol	
neisseria meningitidis group a capsular polysaccharide diphtheria toxoid conjugate antigen	
iodoform	
pegademase bovine	
influenza a virus a/california/7/2009 x-179a (h1n1) antigen (formaldehyde inactivated)	
interferon alfacon-1	IFNAR1
mepyramine	
timolol	ADRB1
betazole	HRH2
tilarginine	
flumethasone	NR3C1
propantheline	CHRM1
acrivastine	HRH1
doxycycline	
nicardipine	CACNA1C
fluprednisolone	
tixocortol	NR3C1
oregano	
rosiglitazone	PPARG
chromium	
white pepper	
diethylcarbamazine	ALOX5
gabapentin enacarbil	
mazindol	SLC6A2
trandolapril	ACE
exametazime	
naltrexone	OPRD1
dihydrotachysterol	VDR
meningococcal polysaccharide vaccine group y	
hydroxypropyl cellulose	
zonisamide	SCN1A
bepotastine	HRH1
triflupromazine	DRD1
colestipol	
mumps virus strain b level jeryl lynn live antigen	
rescinnamine	ACE
levetiracetam	SV2A
cefixime	
pefloxacin	
valrubicin	
furazolidone	
tisagenlecleucel	CD19
tolvaptan	AVPR2
orange	
buclizine	HRH1
starch, corn	
linagliptin	DPP4
indinavir	
yttrium y-90	
regadenoson	ADORA2A
methyl cellulose	
black-eyed pea	
iocetamic acid	
dirithromycin	
kava	
spermine	SMS
vanilla	
almotriptan	
telavancin	
ropinirole	DRD3
lepirudin	F2
krascheninnikovia lanata pollen	
aspergillus terreus	
fluspirilene	DRD2
ergotamine	HTR1D
cocamidopropyl betaine	
apalutamide	AR
brazil nut	
chloramphenicol	
alpha-tocopherol acetate	
enoxacin	
nilutamide	AR
rhodotorula mucilaginosa	
cevimeline	CHRM3
mivacurium	CHRNA2
calcium phosphate	
artemisia vulgaris pollen	
clioquinol	
amiloxate	
bethanechol	CHRM2
trichloroethylene	
sirolimus	MTOR
lolium perenne pollen	
mycophenolate mofetil	IMPDH1
trolamine	
lamivudine	
rubidium rb-82	
docosanol	
lactobacillus plantarum	
perflutren	
disopyramide	SCN5A
vindesine	TUBB1
capra hircus hair	
dimethyl sulfoxide	
galantamine	ACHE
hydroxyzine	HRH1
ertapenem	
juniperus monosperma pollen	
levamlodipine	
teduglutide	GLP2R
kaolin	
minocycline	
calcium acetate	
broccoli	
pholcodine	OPRM1
celiprolol	ADRB1
light mineral oil	
clocapramine	
flunisolide	NR3C1
moexipril	ACE
butethal	GABRA1
alvimopan	OPRM1
hydroquinone	TYR
nintedanib	FLT1
canrenoic acid	
temsirolimus	MTOR
fluocinonide	NR3C1
debrisoquin	SLC6A2
glycine	
benserazide	DDC
zafirlukast	CYSLTR1
tavaborole	
octocrylene	
benzylpenicillin	
loperamide	OPRM1
ampicillin	
delamanid	
ciclesonide	NR3C1
somatotropin	GHR
streptococcus pneumoniae type 20 capsular polysaccharide antigen	
phoenix dactylifera pollen	
homatropine methylbromide	CHRM2
cabozantinib	
alprenolol	ADRB1
finasteride	SRD5A2
carbopol 974p	
raphanus sativus	
diphemanil methylsulfate	CHRM3
gonadorelin	GNRHR
dimercaprol	
polymyxin b sulfate	
homatropine	
prednisolone	NR3C1
choline magnesium trisalicylate	
trihexyphenidyl	CHRM1
activated charcoal	
flavone	
zolmitriptan	HTR1B
osimertinib	EGFR
tocopherol	
flibanserin	HTR1A
vidarabine	
cavia porcellus skin	
isosorbide dinitrate	NPR1
orris	
cocarboxylase	
thrombin alfa	F11
pacific halibut	
dinutuximab	
deslanoside	ATP1A1
maxacalcitol	
teicoplanin	
rucaparib	PARP1
phoma exigua var. exigua	
paclitaxel	TUBB1
cilnidipine	
iva annua pollen	
prednicarbate	NR3C1
nitrous acid	HBA1
insulin pork	INSR
cerliponase alfa	
hydrocortisone	NR3C1
pentoxifylline	PDE4B
kappadione	
zalcitabine	
cabergoline	DRD2
imatinib	CACNA1I
acebutolol	ADRB1
thioridazine	DRD2
tafamidis	TTR
anthoxanthum odoratum	
letermovir	
propofol	GABRB2
hydroxyethyl cellulose	
northern bluefin tuna	
morus alba pollen	
human cytomegalovirus immune globulin	
leymus condensatus pollen	
zinc sulfate	
estradiol	ESR1
itraconazole	CYP51A1
pimavanserin	HTR2A
pirfenidone	
trout	
acetylcarnitine	
human thrombin	F5
gimeracil	
nalorphine	
opicapone	
dienogest	
plerixafor	CXCR4
influenza a virus a/california/7/2009(h1n1)-like antigen (formaldehyde inactivated)	
hexoprenaline	
nedaplatin	
catumaxomab	
chlortetracycline	
cetalkonium	
testosterone	AR
olmesartan	AGTR1
isoxaflutole	
neuropeptide y	
pyrimethamine	DHFR
ipilimumab	CTLA4
human c1-esterase inhibitor	C1R
gliclazide	ABCC8
chlordiazepoxide	
pyridostigmine	ACHE
ambrosia ambrosioides pollen	
alnus rhombifolia pollen	
human papillomavirus type 45 l1 capsid protein antigen	
duloxetine	SLC6A4
benzophenone	
rocuronium	CHRNA2
thiothixene	
cefepime	
cyclobenzaprine	HTR2A
cocoa	
propylhexedrine	SLC18A2
plicamycin	
rumex crispus pollen	
dexketoprofen	
aprepitant	TACR1
arrhenatherum elatius pollen	
acetazolamide	CA1
flutamide	AR
deoxycholic acid	
desoxyribonuclease	
thimerosal	
solenopsis invicta	
bopindolol	ADRB1
rifaximin	
bicisate	
synthetic conjugated estrogens, b	ESR1
dextroamphetamine	SLC18A2
synthetic conjugated estrogens, a	
terfenadine	HRH1
pectin	
ustilago avenae	
alverine	HTR1A
cupric sulfate	
valerian	
desirudin	
triamterene	SCNN1G
lurasidone	
metaraminol	ADRA1A
bupivacaine	SCN10A
macimorelin	
goose	
halofantrine	KCNH2
polycarbophil	
beta-propiolactone	
glucagon recombinant	GCGR
phenylbutazone	PTGS2
mustard greens	
morus rubra pollen	
aspergillus niger var. niger	
ferrous asparto glycinate	
famciclovir	
mycophenolic acid	IMPDH1
mifamurtide	TLR4
bacillus calmette-guerin substrain tice live antigen	
parthenolide	
pleospora herbarum	
epinastine	HRH1
cytarabine	POLB
insulin degludec	INSR
amrinone	PDE3A
ligustrum vulgare pollen	
penicillamine	
bromus secalinus pollen	
bromopride	DRD2
tadalafil	PDE5A
velpatasvir	
thioredoxin	
cefotaxime	
tilia cordata pollen	
cashew	
gluconolactone	
cetyl alcohol	
cefadroxil	
oat	
trimetazidine	ACAA1
allergenic extract- beef liver	
ziprasidone	DRD2
simvastatin	HMGCR
streptococcus pneumoniae type 23f capsular polysaccharide antigen	
aluminum zirconium tetrachlorohydrex gly	
polihexanide	
inotuzumab ozogamicin	
celery	
orciprenaline	ADRB2
pyrvinium	
populus balsamifera subsp. trichocarpa pollen	
ditazole	
dihydrocodeine	
betula lenta pollen	
abaloparatide	PTH1R
tamsulosin	ADRA1A
aztreonam	
hyaluronidase (human recombinant)	
lactose	
cobicistat	
avanafil	PDE5A
dendryphiella vinosa	
calcipotriol	
gallus gallus feather	
riboflavin	RFK
atovaquone	
salmon, unspecified	
dimetindene	HRH1
tyrothricin	
guaiacol	
caprylic acid	
atriplex lentiformis pollen	
